ticker,prijs_nu,groei_pct,relatieve_sterkte,rendement_1m_pct,rendement_3m_pct
DDOG,277.22,1498.5,5.7,30.19,6.48
MU,1074.89,1060.5,7.82,5.73,10.2
HPE,69.33,410.2,41.25,33.66,68.58
TER,449.04,385.8,22.98,25.77,21.71
ABBV,262.82,290.4,4.75,2.48,1.39
BE,289.15,165.5,16.26,14.35,6.74
ADI,417.15,163.5,3.81,15.16,10.94
AMD,633.91,159.5,11.68,32.74,22.42
LITE,1085.42,109.3,33.39,23.17,49.03
KEYS,384.64,109.1,17.49,17.55,22.55
PWR,676.56,94.7,0.81,8.37,1.25
SNPS,489.9,89.3,8.02,24.39,12.06
MPWR,1439.73,85.8,4.64,17.81,11.93
NTAP,226.27,63.5,32.05,21.92,47.21
DHR,214.06,59.7,5.79,3.26,8.34
APH,86.96,59.3,7.57,5.21,5.83
P,140.14,50.0,74.71,40.83,92.74
MRVL,272.29,50.0,13.53,21.8,11.03
FTNT,180.95,43.9,12.94,15.78,15.81
WSM,232.3,42.0,3.16,2.15,2.44
PANW,403.24,34.5,21.78,21.0,15.85
COHR,337.04,33.7,1.92,19.58,1.1
SU.PA,292.6,29.3,13.81,1.6,4.46
AAPL,333.69,28.7,3.97,4.29,8.21
ERF.PA,74.54,28.4,13.39,2.5,7.47
META,728.08,28.0,6.94,18.14,25.01
CRWD,270.04,25.8,42.32,26.72,39.21
INTC,119.33,25.4,6.69,24.56,-0.85
EMR,161.61,23.0,14.82,5.75,16.62
NDSN,333.54,23.0,14.78,5.08,15.21
ETN,436.11,21.4,5.4,6.15,9.7
