ticker,prijs_nu,roic_pct,roic_trend,fair_value,afwijking_fair_value_pct,volatiliteit_pct
LVS,36.23,17.1,stijgend,59.07,-38.7,27.4
REN.AS,29.52,23.5,stijgend,47.25,-37.1,27.5
NFLX,67.06,31.2,stijgend,92.93,-27.8,28.1
BR,156.93,16.4,stijgend,213.38,-26.5,29.4
IDXX,518.39,42.5,stijgend,701.33,-26.1,22.6
TJX,132.68,30.9,stijgend,169.8,-21.9,25.0
MCO,441.36,28.8,stijgend,561.9,-21.5,27.2
DPZ,297.62,69.7,stijgend,376.41,-20.9,29.9
BVI.PA,26.6,20.5,stijgend,32.95,-19.4,23.4
AOS,56.75,29.1,stijgend,69.91,-18.8,23.8
HAS,89.54,26.0,stijgend,109.5,-18.2,26.1
MA,552.26,90.5,stijgend,666.71,-17.2,19.8
PUB.PA,95.34,16.1,stijgend,113.0,-16.6,25.8
EW,85.15,15.1,stijgend,100.96,-15.7,25.7
CAH,228.3,207.5,stijgend,270.33,-15.5,29.1
UNA.AS,52.85,19.4,stijgend,62.23,-15.1,17.0
CL,84.26,43.4,stijgend,98.6,-14.5,13.3
V,360.66,43.4,stijgend,419.36,-14.0,19.5
COST,920.65,33.6,stijgend,1057.94,-13.0,16.7
RMD,218.89,24.1,stijgend,250.22,-12.5,29.8
TT,463.91,26.0,stijgend,526.67,-11.9,25.3
VRTX,504.73,21.9,stijgend,571.39,-11.7,27.8
CTAS,193.02,26.0,stijgend,218.31,-11.6,25.7
OR.PA,371.75,18.0,stijgend,417.96,-10.8,16.9
ADP,257.68,61.3,stijgend,287.6,-10.4,29.5
