ticker,flip_date,dagen_geleden,voorgaande_trend_dagen,prijs_bij_omslag,prijs_nu,sinds_omslag_pct,boven_ema,benchmark,relatieve_sterkte,volume_bevestigd,roic_pct,roic_trend,earnings_surprise_pct,earnings_beat,earnings_date,dagen_sinds_earnings,fair_value,afwijking_fair_value_pct,score
NTAP,2026-09-28,1,17,204.41,209.18,2.33,True,^GSPC,26.52,True,63.1,stijgend,21.5,True,2026-09-02,27,197.0,6.2,8.04
TJX,2026-09-29,0,28,133.8,133.8,0.0,False,^GSPC,-13.06,True,30.9,stijgend,14.5,True,2026-08-19,41,169.8,-21.2,7.64
CCL,2026-09-29,0,28,25.11,25.11,0.0,True,^GSPC,-10.02,True,8.8,stijgend,5.9,True,2026-09-29,0,34.03,-26.2,7.48
RCL,2026-09-29,0,27,260.67,260.67,0.0,False,^GSPC,-10.65,True,11.8,stijgend,5.7,True,2026-07-28,63,350.44,-25.6,7.08
EMR,2026-09-28,1,18,159.39,157.24,-1.35,True,^GSPC,9.68,False,8.2,stijgend,2.0,True,2026-08-04,56,173.5,-9.4,5.94
HLT,2026-09-29,0,55,323.44,323.44,0.0,True,^GSPC,-6.43,False,29.8,stijgend,0.8,True,2026-07-28,63,353.0,-8.4,5.88
TT,2026-09-25,2,41,454.44,455.59,0.25,True,^GSPC,-8.04,True,26.0,stijgend,1.1,True,2026-07-30,61,527.4,-13.6,5.45
KLAC,2026-09-29,0,60,196.53,196.53,0.0,True,^GSPC,-17.44,False,39.1,dalend,5.1,True,2026-07-28,63,233.77,-15.9,4.94
JCI,2026-09-25,2,19,150.2,149.42,-0.52,True,^GSPC,3.22,False,9.5,stijgend,9.0,True,2026-07-29,62,165.15,-9.5,4.83
DAL,2026-09-25,2,26,84.94,84.87,-0.08,True,^GSPC,-8.97,True,11.9,dalend,4.5,True,2026-07-10,81,102.94,-17.6,4.42
TXN,2026-09-25,2,63,278.07,281.69,1.3,True,^GSPC,-8.48,False,17.0,stijgend,10.5,True,2026-07-22,69,324.71,-13.2,4.41
AMAT,2026-09-25,2,57,485.0,512.01,5.57,True,^GSPC,-15.3,False,31.4,dalend,3.1,True,2026-08-13,47,638.94,-19.9,3.71
