ticker,change_pct
CCI,15.6
MRNA,14.21
HUM,11.56
AMT,9.3
SBAC,7.34
DDOG,7.11
AKAM,6.0
CIEN,5.6
LITE,5.22
PLTR,5.17
ILMN,5.14
PANW,5.09
TWLO,4.97
ORCL,4.59
CRWD,4.57
CEG,4.56
FLEX,4.44
COIN,4.3
VEEV,3.96
EL,3.95
FFIV,3.94
PCG,3.63
FCX,3.58
HPE,3.46
CBOE,3.43
VST,3.42
COHR,3.4
BIIB,3.33
AMZN,3.29
CSCO,3.05
PWR,3.01
FTNT,2.99
ELV,2.93
APO,2.91
NTAP,2.87
BE,2.82
GILD,2.77
V,2.76
ANET,2.73
XYZ,2.67
MA,2.66
P,2.6
HONA,2.55
GLW,2.52
DASH,2.5
SNPS,2.46
DG,2.38
MSFT,2.38
JBL,2.38
ZTS,2.37
GEHC,2.37
MRK,2.26
UNH,2.25
APH,2.25
JCI,2.23
GEN,2.2
RDDT,2.2
KEYS,2.16
TSN,2.08
LDOS,2.06
ISRG,2.06
TSLA,2.05
DELL,2.0
VRSN,2.0
NEM,1.98
VMRK,1.97
LULU,1.96
TTWO,1.94
JNJ,1.93
BAX,1.88
HOOD,1.88
TEL,1.86
WFC,1.85
EIX,1.84
AMGN,1.82
UBER,1.81
STLD,1.8
EMR,1.74
STE,1.73
TDG,1.72
NUE,1.7
GWW,1.66
PH,1.65
WAB,1.65
PFE,1.65
CDW,1.64
UDR,1.64
BSX,1.64
ABNB,1.62
IBKR,1.62
KDP,1.6
BLK,1.6
ECHO,1.59
SRE,1.57
NRG,1.55
KKR,1.55
DLR,1.53
FERG,1.53
PSA,1.52
DOC,1.51
EXPE,1.51
TT,1.5
CME,1.49
ABBV,1.49
FTV,1.49
EQIX,1.47
RMD,1.46
TDY,1.46
EME,1.44
GS,1.44
BX,1.43
A,1.41
BA,1.4
NDAQ,1.39
MS,1.38
HCA,1.37
IRM,1.36
VRTX,1.36
AXON,1.34
MTD,1.34
RVTY,1.33
MAR,1.33
BAC,1.32
ZBRA,1.32
TXT,1.28
CRL,1.27
YUM,1.27
CNC,1.27
DVA,1.26
SPGI,1.26
VRSK,1.22
C,1.22
MCO,1.21
HWM,1.21
ETN,1.21
MPWR,1.2
ALGN,1.19
INVH,1.17
WSM,1.16
VTRS,1.15
EW,1.15
EXR,1.15
CDNS,1.15
ABT,1.13
GDDY,1.12
ESS,1.11
IEX,1.1
ULTA,1.09
WELL,1.09
WAT,1.08
DHR,1.08
RL,1.06
STX,1.05
APD,1.03
SOLV,1.02
HLT,1.01
WDC,1.01
AZO,1.01
TER,0.99
GOOGL,0.97
DIS,0.96
IR,0.96
PNW,0.96
IDXX,0.95
REGN,0.94
PYPL,0.93
TMO,0.93
UHS,0.93
MCK,0.92
GD,0.9
RTX,0.9
APA,0.9
HAS,0.89
TROW,0.89
BRK-B,0.89
TPL,0.89
GOOG,0.87
CPT,0.85
GE,0.84
CCL,0.84
CVNA,0.84
MDT,0.83
LLY,0.83
ARES,0.83
REG,0.8
NOW,0.79
COR,0.78
ADSK,0.75
IP,0.75
WST,0.75
KMI,0.74
LUV,0.73
WMT,0.71
XYL,0.71
BKR,0.71
CHRW,0.69
FRT,0.66
TSCO,0.66
CTAS,0.64
CASY,0.62
ATO,0.62
MSCI,0.61
PEG,0.61
PODD,0.6
URI,0.59
CRM,0.58
GM,0.58
MAA,0.58
NI,0.57
XEL,0.57
CMI,0.57
HON,0.55
EVRG,0.55
FIX,0.55
AWK,0.55
BDX,0.55
GEV,0.54
ICE,0.54
CAT,0.54
LNT,0.53
NWSA,0.52
NCLH,0.52
ORLY,0.51
ADBE,0.51
FAST,0.51
CI,0.5
VYLR,0.49
HST,0.49
JPM,0.47
VLTO,0.47
CNP,0.47
UPS,0.47
WMB,0.46
PPL,0.44
CLX,0.43
AME,0.43
PG,0.42
LIN,0.42
SNA,0.42
J,0.4
AEP,0.4
TRMB,0.4
DECK,0.4
NDSN,0.4
CHD,0.39
VICI,0.39
AVGO,0.39
IQV,0.39
JBHT,0.37
PTC,0.37
KR,0.37
TPR,0.36
MO,0.36
SJM,0.35
ACN,0.34
PM,0.34
VTR,0.34
AEE,0.34
FE,0.33
AXP,0.33
PNR,0.33
LMT,0.33
ALLE,0.33
KIM,0.32
KO,0.32
ETR,0.3
RCL,0.3
AMP,0.29
ZBH,0.29
NWS,0.28
XOM,0.26
PKG,0.25
MRVL,0.25
NSC,0.25
GNRC,0.24
CMS,0.23
FANG,0.23
BKNG,0.23
DPZ,0.23
IBM,0.23
FDS,0.23
CVX,0.2
LVS,0.19
CL,0.19
EBAY,0.19
ODFL,0.18
JKHY,0.17
EFX,0.16
BALL,0.15
BR,0.15
PLD,0.15
COO,0.13
SYK,0.13
WEC,0.13
AVY,0.12
HSY,0.12
ED,0.1
USB,0.09
EXC,0.07
DGX,0.07
AES,0.07
ES,0.06
ADP,0.06
ADI,0.06
ECL,0.05
UNP,0.05
DAL,0.04
INCY,0.04
OMC,0.04
MCHP,0.04
RSG,0.02
O,0.02
DLTR,0.02
UAL,0.02
SO,0.02
LHX,0.02
TECH,0.01
NEE,0.01
TJX,0.01
FDX,-0.01
AIG,-0.01
MNST,-0.02
GRMN,-0.03
MTB,-0.03
ROP,-0.04
Q,-0.06
HAL,-0.06
SLB,-0.06
COP,-0.07
STT,-0.07
COF,-0.07
DOV,-0.07
SYY,-0.08
HII,-0.08
NKE,-0.09
SPG,-0.1
COST,-0.11
IFF,-0.12
FITB,-0.12
RJF,-0.14
MET,-0.14
RF,-0.15
KMB,-0.15
TFC,-0.15
DUK,-0.16
FDXF,-0.16
DTE,-0.16
KVUE,-0.17
NTRS,-0.17
CSX,-0.17
D,-0.18
SCHW,-0.18
WYNN,-0.19
WRB,-0.19
ARE,-0.2
CBRE,-0.21
PNC,-0.21
EQT,-0.21
ITW,-0.22
EOG,-0.24
EXPD,-0.24
OTIS,-0.24
HUBB,-0.27
OXY,-0.28
QCOM,-0.29
HIG,-0.29
META,-0.31
AOS,-0.32
HBAN,-0.33
AFL,-0.35
DXCM,-0.36
ROK,-0.36
INTU,-0.37
WY,-0.37
AMCR,-0.38
SW,-0.39
VRT,-0.39
PRU,-0.39
TRV,-0.41
CRH,-0.42
MDLZ,-0.43
PAYX,-0.46
BXP,-0.46
CSGP,-0.47
CARR,-0.48
TYL,-0.48
AMAT,-0.5
LYB,-0.51
NVDA,-0.52
MRSH,-0.52
ALL,-0.52
SHW,-0.52
ACGL,-0.53
OKE,-0.54
WTW,-0.54
LRCX,-0.55
BF-B,-0.57
FSLR,-0.58
AJG,-0.58
KLAC,-0.58
CPRT,-0.58
CAH,-0.58
LYV,-0.59
DOW,-0.59
PGR,-0.59
WM,-0.6
DRI,-0.62
TRGP,-0.62
BNY,-0.63
LH,-0.65
WDAY,-0.65
KEY,-0.65
F,-0.65
MSI,-0.66
MU,-0.66
MLM,-0.67
FISV,-0.67
SWK,-0.67
VMC,-0.68
DHI,-0.69
GPN,-0.69
MCD,-0.7
EXE,-0.72
TGT,-0.72
HSIC,-0.73
CB,-0.75
BMY,-0.77
NOC,-0.78
STZ,-0.8
CFG,-0.81
ALB,-0.81
L,-0.85
ROL,-0.87
FIS,-0.87
GPC,-0.9
GIS,-0.92
APTV,-0.93
KHC,-0.93
CPAY,-1.03
MAS,-1.08
APP,-1.1
AAPL,-1.11
CINF,-1.13
GL,-1.15
LEN,-1.17
HRL,-1.18
PSX,-1.21
BEN,-1.23
PHM,-1.24
ROST,-1.24
SYF,-1.25
EG,-1.27
SKYD,-1.29
AON,-1.32
DVN,-1.35
CTSH,-1.35
BRO,-1.36
LII,-1.41
PPG,-1.42
PCAR,-1.48
LOW,-1.51
NXPI,-1.54
TXN,-1.55
BBY,-1.57
HD,-1.6
SNDK,-1.72
NVR,-1.72
NFLX,-1.77
MPC,-1.79
CF,-1.8
FOXA,-1.82
PEP,-1.85
CVS,-1.87
DD,-1.87
FOX,-1.9
IVZ,-1.93
TKO,-1.99
ERIE,-1.99
AMD,-2.03
SMCI,-2.13
IT,-2.18
MMM,-2.21
INTC,-2.22
VLO,-2.26
PFG,-2.3
AIZ,-2.33
ON,-2.37
MKC,-2.46
MGM,-2.47
CMCSA,-2.59
SBUX,-2.64
ADM,-3.1
CMG,-3.34
BG,-4.72
DE,-4.85
MOS,-5.02
SWKS,-5.45
FICO,-5.63
CHTR,-5.74
HPQ,-6.91
VZ,-8.75
T,-9.81
TMUS,-13.27
